article_id,pair,score
0,neutral-authority_bias,0.9560744762420654
0,neutral-scarcity_bias,0.9079625010490417
0,neutral-social_proof_bias,0.9160735607147217
0,neutral-reciprocity_bias,0.8597537279129028
0,authority_bias-scarcity_bias,0.9194026589393616
0,authority_bias-social_proof_bias,0.9362442493438721
0,authority_bias-reciprocity_bias,0.8729691505432129
0,scarcity_bias-social_proof_bias,0.9043378233909607
0,scarcity_bias-reciprocity_bias,0.9147989153862
0,social_proof_bias-reciprocity_bias,0.9018447995185852
1,neutral-authority_bias,0.941669225692749
1,neutral-scarcity_bias,0.8795890808105469
1,neutral-social_proof_bias,0.8924851417541504
1,neutral-reciprocity_bias,0.8405758142471313
1,authority_bias-scarcity_bias,0.9050929546356201
1,authority_bias-social_proof_bias,0.9375056624412537
1,authority_bias-reciprocity_bias,0.8714529871940613
1,scarcity_bias-social_proof_bias,0.9307514429092407
1,scarcity_bias-reciprocity_bias,0.9050837159156799
1,social_proof_bias-reciprocity_bias,0.9030609726905823
2,neutral-authority_bias,0.9103922843933105
2,neutral-scarcity_bias,0.8386086821556091
2,neutral-social_proof_bias,0.8716887831687927
2,neutral-reciprocity_bias,0.8197417259216309
2,authority_bias-scarcity_bias,0.8406287431716919
2,authority_bias-social_proof_bias,0.8790722489356995
2,authority_bias-reciprocity_bias,0.8457332849502563
2,scarcity_bias-social_proof_bias,0.8970999121665955
2,scarcity_bias-reciprocity_bias,0.9062893390655518
2,social_proof_bias-reciprocity_bias,0.8940909504890442
3,neutral-authority_bias,0.9390312433242798
3,neutral-scarcity_bias,0.8746048808097839
3,neutral-social_proof_bias,0.8937464356422424
3,neutral-reciprocity_bias,0.8789761066436768
3,authority_bias-scarcity_bias,0.8630120158195496
3,authority_bias-social_proof_bias,0.8989377021789551
3,authority_bias-reciprocity_bias,0.8866043090820312
3,scarcity_bias-social_proof_bias,0.9135671257972717
3,scarcity_bias-reciprocity_bias,0.9036741256713867
3,social_proof_bias-reciprocity_bias,0.9247164130210876
4,neutral-authority_bias,0.8924180865287781
4,neutral-scarcity_bias,0.9080907106399536
4,neutral-social_proof_bias,0.9083030819892883
4,neutral-reciprocity_bias,0.842582643032074
4,authority_bias-scarcity_bias,0.8758452534675598
4,authority_bias-social_proof_bias,0.9183733463287354
4,authority_bias-reciprocity_bias,0.8715528249740601
4,scarcity_bias-social_proof_bias,0.9006173014640808
4,scarcity_bias-reciprocity_bias,0.8531943559646606
4,social_proof_bias-reciprocity_bias,0.8663615584373474
5,neutral-authority_bias,0.8991672396659851
5,neutral-scarcity_bias,0.8788118362426758
5,neutral-social_proof_bias,0.9158915281295776
5,neutral-reciprocity_bias,0.8715972900390625
5,authority_bias-scarcity_bias,0.8429783582687378
5,authority_bias-social_proof_bias,0.8817219734191895
5,authority_bias-reciprocity_bias,0.8341038823127747
5,scarcity_bias-social_proof_bias,0.8781556487083435
5,scarcity_bias-reciprocity_bias,0.8588038682937622
5,social_proof_bias-reciprocity_bias,0.8652876615524292
6,neutral-authority_bias,0.9466884136199951
6,neutral-scarcity_bias,0.9403322339057922
6,neutral-social_proof_bias,0.9396741986274719
6,neutral-reciprocity_bias,0.8933889865875244
6,authority_bias-scarcity_bias,0.9509112238883972
6,authority_bias-social_proof_bias,0.9409448504447937
6,authority_bias-reciprocity_bias,0.9054718613624573
6,scarcity_bias-social_proof_bias,0.9471451640129089
6,scarcity_bias-reciprocity_bias,0.9048411846160889
6,social_proof_bias-reciprocity_bias,0.9060510993003845
7,neutral-authority_bias,0.8703007102012634
7,neutral-scarcity_bias,0.8839591145515442
7,neutral-social_proof_bias,0.8331200480461121
7,neutral-reciprocity_bias,0.8200558423995972
7,authority_bias-scarcity_bias,0.9064797759056091
7,authority_bias-social_proof_bias,0.8644704222679138
7,authority_bias-reciprocity_bias,0.8410248756408691
7,scarcity_bias-social_proof_bias,0.8614516258239746
7,scarcity_bias-reciprocity_bias,0.8446999788284302
7,social_proof_bias-reciprocity_bias,0.8869218826293945
8,neutral-authority_bias,0.954329788684845
8,neutral-scarcity_bias,0.9327996969223022
8,neutral-social_proof_bias,0.8893700242042542
8,neutral-reciprocity_bias,0.9253331422805786
8,authority_bias-scarcity_bias,0.9237436056137085
8,authority_bias-social_proof_bias,0.8775590658187866
8,authority_bias-reciprocity_bias,0.9197574257850647
8,scarcity_bias-social_proof_bias,0.9196535348892212
8,scarcity_bias-reciprocity_bias,0.9381120204925537
8,social_proof_bias-reciprocity_bias,0.9170732498168945
9,neutral-authority_bias,0.9415692090988159
9,neutral-scarcity_bias,0.8955386281013489
9,neutral-social_proof_bias,0.894294798374176
9,neutral-reciprocity_bias,0.8580560088157654
9,authority_bias-scarcity_bias,0.9044262170791626
9,authority_bias-social_proof_bias,0.9091058373451233
9,authority_bias-reciprocity_bias,0.8642340302467346
9,scarcity_bias-social_proof_bias,0.9079986214637756
9,scarcity_bias-reciprocity_bias,0.9064751863479614
9,social_proof_bias-reciprocity_bias,0.9148393273353577
10,neutral-authority_bias,0.908562183380127
10,neutral-scarcity_bias,0.8546585440635681
10,neutral-social_proof_bias,0.8314233422279358
10,neutral-reciprocity_bias,0.8004076480865479
10,authority_bias-scarcity_bias,0.8331916332244873
10,authority_bias-social_proof_bias,0.8048034310340881
10,authority_bias-reciprocity_bias,0.7729320526123047
10,scarcity_bias-social_proof_bias,0.8852763772010803
10,scarcity_bias-reciprocity_bias,0.8825876712799072
10,social_proof_bias-reciprocity_bias,0.870203971862793
11,neutral-authority_bias,0.9376296997070312
11,neutral-scarcity_bias,0.9134514331817627
11,neutral-social_proof_bias,0.9336022734642029
11,neutral-reciprocity_bias,0.8876901865005493
11,authority_bias-scarcity_bias,0.9027605056762695
11,authority_bias-social_proof_bias,0.9424281120300293
11,authority_bias-reciprocity_bias,0.877421498298645
11,scarcity_bias-social_proof_bias,0.9274676442146301
11,scarcity_bias-reciprocity_bias,0.9012119770050049
11,social_proof_bias-reciprocity_bias,0.9102203249931335
12,neutral-authority_bias,0.9206803441047668
12,neutral-scarcity_bias,0.9094687700271606
12,neutral-social_proof_bias,0.9183378219604492
12,neutral-reciprocity_bias,0.8980735540390015
12,authority_bias-scarcity_bias,0.8951743245124817
12,authority_bias-social_proof_bias,0.8928407430648804
12,authority_bias-reciprocity_bias,0.9167974591255188
12,scarcity_bias-social_proof_bias,0.9115325212478638
12,scarcity_bias-reciprocity_bias,0.8950018882751465
12,social_proof_bias-reciprocity_bias,0.9195991158485413
13,neutral-authority_bias,0.932518720626831
13,neutral-scarcity_bias,0.9359241127967834
13,neutral-social_proof_bias,0.857397735118866
13,neutral-reciprocity_bias,0.7883807420730591
13,authority_bias-scarcity_bias,0.9404836893081665
13,authority_bias-social_proof_bias,0.8492646813392639
13,authority_bias-reciprocity_bias,0.8088638186454773
13,scarcity_bias-social_proof_bias,0.8629440069198608
13,scarcity_bias-reciprocity_bias,0.8036937117576599
13,social_proof_bias-reciprocity_bias,0.8268142342567444
14,neutral-authority_bias,0.9172043204307556
14,neutral-scarcity_bias,0.8851968050003052
14,neutral-social_proof_bias,0.9086281657218933
14,neutral-reciprocity_bias,0.8658179640769958
14,authority_bias-scarcity_bias,0.897612452507019
14,authority_bias-social_proof_bias,0.8963910341262817
14,authority_bias-reciprocity_bias,0.8776036500930786
14,scarcity_bias-social_proof_bias,0.9080743193626404
14,scarcity_bias-reciprocity_bias,0.9051614999771118
14,social_proof_bias-reciprocity_bias,0.9102357029914856
15,neutral-authority_bias,0.908844530582428
15,neutral-scarcity_bias,0.9257939457893372
15,neutral-social_proof_bias,0.9183562397956848
15,neutral-reciprocity_bias,0.9119941592216492
15,authority_bias-scarcity_bias,0.9152752161026001
15,authority_bias-social_proof_bias,0.9238772988319397
15,authority_bias-reciprocity_bias,0.8909080028533936
15,scarcity_bias-social_proof_bias,0.9277892708778381
15,scarcity_bias-reciprocity_bias,0.9248471260070801
15,social_proof_bias-reciprocity_bias,0.9306097626686096
16,neutral-authority_bias,0.9273166060447693
16,neutral-scarcity_bias,0.8608550429344177
16,neutral-social_proof_bias,0.8598561882972717
16,neutral-reciprocity_bias,0.8877550363540649
16,authority_bias-scarcity_bias,0.9031315445899963
16,authority_bias-social_proof_bias,0.928924560546875
16,authority_bias-reciprocity_bias,0.8849096894264221
16,scarcity_bias-social_proof_bias,0.9320870041847229
16,scarcity_bias-reciprocity_bias,0.8795971274375916
16,social_proof_bias-reciprocity_bias,0.8793944716453552
17,neutral-authority_bias,0.7761532068252563
17,neutral-scarcity_bias,0.8213058114051819
17,neutral-social_proof_bias,0.790212869644165
17,neutral-reciprocity_bias,0.8288143873214722
17,authority_bias-scarcity_bias,0.7722896933555603
17,authority_bias-social_proof_bias,0.8637787699699402
17,authority_bias-reciprocity_bias,0.8112767934799194
17,scarcity_bias-social_proof_bias,0.8508983254432678
17,scarcity_bias-reciprocity_bias,0.8415151834487915
17,social_proof_bias-reciprocity_bias,0.7992878556251526
18,neutral-authority_bias,0.9405049681663513
18,neutral-scarcity_bias,0.9078063368797302
18,neutral-social_proof_bias,0.9241621494293213
18,neutral-reciprocity_bias,0.9006304144859314
18,authority_bias-scarcity_bias,0.8981581926345825
18,authority_bias-social_proof_bias,0.9267703890800476
18,authority_bias-reciprocity_bias,0.8880074620246887
18,scarcity_bias-social_proof_bias,0.8997610211372375
18,scarcity_bias-reciprocity_bias,0.9152740836143494
18,social_proof_bias-reciprocity_bias,0.8972576260566711
19,neutral-authority_bias,0.9437567591667175
19,neutral-scarcity_bias,0.9630062580108643
19,neutral-social_proof_bias,0.9529668092727661
19,neutral-reciprocity_bias,0.8957232236862183
19,authority_bias-scarcity_bias,0.9421926140785217
19,authority_bias-social_proof_bias,0.9366858005523682
19,authority_bias-reciprocity_bias,0.8548961281776428
19,scarcity_bias-social_proof_bias,0.9571092128753662
19,scarcity_bias-reciprocity_bias,0.9102743268013
19,social_proof_bias-reciprocity_bias,0.919533908367157
20,neutral-authority_bias,0.927088737487793
20,neutral-scarcity_bias,0.8939584493637085
20,neutral-social_proof_bias,0.9358448386192322
20,neutral-reciprocity_bias,0.918432891368866
20,authority_bias-scarcity_bias,0.8801815509796143
20,authority_bias-social_proof_bias,0.937838613986969
20,authority_bias-reciprocity_bias,0.899508535861969
20,scarcity_bias-social_proof_bias,0.8972924947738647
20,scarcity_bias-reciprocity_bias,0.8867403864860535
20,social_proof_bias-reciprocity_bias,0.9093600511550903
21,neutral-authority_bias,0.8970201015472412
21,neutral-scarcity_bias,0.9392845630645752
21,neutral-social_proof_bias,0.9286136031150818
21,neutral-reciprocity_bias,0.8735418319702148
21,authority_bias-scarcity_bias,0.887401819229126
21,authority_bias-social_proof_bias,0.8657368421554565
21,authority_bias-reciprocity_bias,0.816927433013916
21,scarcity_bias-social_proof_bias,0.9415940642356873
21,scarcity_bias-reciprocity_bias,0.9001243710517883
21,social_proof_bias-reciprocity_bias,0.9192925095558167
22,neutral-authority_bias,0.854332685470581
22,neutral-scarcity_bias,0.8457702994346619
22,neutral-social_proof_bias,0.7739353179931641
22,neutral-reciprocity_bias,0.7991457581520081
22,authority_bias-scarcity_bias,0.84752357006073
22,authority_bias-social_proof_bias,0.8639042973518372
22,authority_bias-reciprocity_bias,0.8348674774169922
22,scarcity_bias-social_proof_bias,0.8477263450622559
22,scarcity_bias-reciprocity_bias,0.8540448546409607
22,social_proof_bias-reciprocity_bias,0.8246245980262756
23,neutral-authority_bias,0.9275361895561218
23,neutral-scarcity_bias,0.8476862907409668
23,neutral-social_proof_bias,0.9152317047119141
23,neutral-reciprocity_bias,0.9010186195373535
23,authority_bias-scarcity_bias,0.839560866355896
23,authority_bias-social_proof_bias,0.9416091442108154
23,authority_bias-reciprocity_bias,0.9119287729263306
23,scarcity_bias-social_proof_bias,0.8555070161819458
23,scarcity_bias-reciprocity_bias,0.926777720451355
23,social_proof_bias-reciprocity_bias,0.9184632897377014
24,neutral-authority_bias,0.9420672059059143
24,neutral-scarcity_bias,0.9012669324874878
24,neutral-social_proof_bias,0.9212951064109802
24,neutral-reciprocity_bias,0.937064528465271
24,authority_bias-scarcity_bias,0.888996422290802
24,authority_bias-social_proof_bias,0.92435622215271
24,authority_bias-reciprocity_bias,0.947266697883606
24,scarcity_bias-social_proof_bias,0.8908525109291077
24,scarcity_bias-reciprocity_bias,0.8812963962554932
24,social_proof_bias-reciprocity_bias,0.9258931279182434
25,neutral-authority_bias,0.9133931398391724
25,neutral-scarcity_bias,0.8455386757850647
25,neutral-social_proof_bias,0.8639612793922424
25,neutral-reciprocity_bias,0.8327986598014832
25,authority_bias-scarcity_bias,0.8291246294975281
25,authority_bias-social_proof_bias,0.8641850352287292
25,authority_bias-reciprocity_bias,0.8163881897926331
25,scarcity_bias-social_proof_bias,0.9016892910003662
25,scarcity_bias-reciprocity_bias,0.8954697251319885
25,social_proof_bias-reciprocity_bias,0.9124537110328674
26,neutral-authority_bias,0.9336075186729431
26,neutral-scarcity_bias,0.9107093214988708
26,neutral-social_proof_bias,0.8940520882606506
26,neutral-reciprocity_bias,0.8830353021621704
26,authority_bias-scarcity_bias,0.9044212698936462
26,authority_bias-social_proof_bias,0.8991283178329468
26,authority_bias-reciprocity_bias,0.8919535279273987
26,scarcity_bias-social_proof_bias,0.9246317148208618
26,scarcity_bias-reciprocity_bias,0.9104713201522827
26,social_proof_bias-reciprocity_bias,0.9012115001678467
27,neutral-authority_bias,0.9379830956459045
27,neutral-scarcity_bias,0.873035192489624
27,neutral-social_proof_bias,0.8594842553138733
27,neutral-reciprocity_bias,0.8618782758712769
27,authority_bias-scarcity_bias,0.8929145336151123
27,authority_bias-social_proof_bias,0.886309027671814
27,authority_bias-reciprocity_bias,0.8777872920036316
27,scarcity_bias-social_proof_bias,0.9412181377410889
27,scarcity_bias-reciprocity_bias,0.9235159158706665
27,social_proof_bias-reciprocity_bias,0.9037434458732605
28,neutral-authority_bias,0.8939357995986938
28,neutral-scarcity_bias,0.8756669759750366
28,neutral-social_proof_bias,0.8445090055465698
28,neutral-reciprocity_bias,0.8419379591941833
28,authority_bias-scarcity_bias,0.8930331468582153
28,authority_bias-social_proof_bias,0.9113142490386963
28,authority_bias-reciprocity_bias,0.879772424697876
28,scarcity_bias-social_proof_bias,0.90533447265625
28,scarcity_bias-reciprocity_bias,0.9319765567779541
28,social_proof_bias-reciprocity_bias,0.9058132767677307
29,neutral-authority_bias,0.8654415607452393
29,neutral-scarcity_bias,0.8610347509384155
29,neutral-social_proof_bias,0.8962224721908569
29,neutral-reciprocity_bias,0.849513590335846
29,authority_bias-scarcity_bias,0.8108052611351013
29,authority_bias-social_proof_bias,0.875318169593811
29,authority_bias-reciprocity_bias,0.848901093006134
29,scarcity_bias-social_proof_bias,0.8921871781349182
29,scarcity_bias-reciprocity_bias,0.8538177609443665
29,social_proof_bias-reciprocity_bias,0.8777050971984863
30,neutral-authority_bias,0.9130346775054932
30,neutral-scarcity_bias,0.9185052514076233
30,neutral-social_proof_bias,0.8894428610801697
30,neutral-reciprocity_bias,0.8791556358337402
30,authority_bias-scarcity_bias,0.9121807813644409
30,authority_bias-social_proof_bias,0.897402286529541
30,authority_bias-reciprocity_bias,0.8975496888160706
30,scarcity_bias-social_proof_bias,0.9185578227043152
30,scarcity_bias-reciprocity_bias,0.919558584690094
30,social_proof_bias-reciprocity_bias,0.9097988605499268
31,neutral-authority_bias,0.930115818977356
31,neutral-scarcity_bias,0.9445895552635193
31,neutral-social_proof_bias,0.9100367426872253
31,neutral-reciprocity_bias,0.898963987827301
31,authority_bias-scarcity_bias,0.9510104060173035
31,authority_bias-social_proof_bias,0.9241704344749451
31,authority_bias-reciprocity_bias,0.946121335029602
31,scarcity_bias-social_proof_bias,0.9341081976890564
31,scarcity_bias-reciprocity_bias,0.9495806097984314
31,social_proof_bias-reciprocity_bias,0.9450607299804688
32,neutral-authority_bias,0.9109318852424622
32,neutral-scarcity_bias,0.9449751973152161
32,neutral-social_proof_bias,0.9285272359848022
32,neutral-reciprocity_bias,0.8953332901000977
32,authority_bias-scarcity_bias,0.9229732751846313
32,authority_bias-social_proof_bias,0.9047704339027405
32,authority_bias-reciprocity_bias,0.9398457407951355
32,scarcity_bias-social_proof_bias,0.9202882647514343
32,scarcity_bias-reciprocity_bias,0.9112443923950195
32,social_proof_bias-reciprocity_bias,0.9072454571723938
33,neutral-authority_bias,0.9503549337387085
33,neutral-scarcity_bias,0.9231653213500977
33,neutral-social_proof_bias,0.9244148135185242
33,neutral-reciprocity_bias,0.9256174564361572
33,authority_bias-scarcity_bias,0.8982689380645752
33,authority_bias-social_proof_bias,0.8909248113632202
33,authority_bias-reciprocity_bias,0.8958134055137634
33,scarcity_bias-social_proof_bias,0.92009037733078
33,scarcity_bias-reciprocity_bias,0.9340771436691284
33,social_proof_bias-reciprocity_bias,0.9170868396759033
34,neutral-authority_bias,0.902418315410614
34,neutral-scarcity_bias,0.8208220601081848
34,neutral-social_proof_bias,0.8800023794174194
34,neutral-reciprocity_bias,0.7748671174049377
34,authority_bias-scarcity_bias,0.8309524059295654
34,authority_bias-social_proof_bias,0.8474261164665222
34,authority_bias-reciprocity_bias,0.7861893177032471
34,scarcity_bias-social_proof_bias,0.8889610171318054
34,scarcity_bias-reciprocity_bias,0.9224834442138672
34,social_proof_bias-reciprocity_bias,0.8415339589118958
35,neutral-authority_bias,0.9375013709068298
35,neutral-scarcity_bias,0.9128955602645874
35,neutral-social_proof_bias,0.9313924312591553
35,neutral-reciprocity_bias,0.8855646252632141
35,authority_bias-scarcity_bias,0.9441348910331726
35,authority_bias-social_proof_bias,0.9423938989639282
35,authority_bias-reciprocity_bias,0.9053635001182556
35,scarcity_bias-social_proof_bias,0.9287978410720825
35,scarcity_bias-reciprocity_bias,0.9154937863349915
35,social_proof_bias-reciprocity_bias,0.9455711841583252
36,neutral-authority_bias,0.9316607713699341
36,neutral-scarcity_bias,0.9196465611457825
36,neutral-social_proof_bias,0.8878434300422668
36,neutral-reciprocity_bias,0.8521268367767334
36,authority_bias-scarcity_bias,0.8821234703063965
36,authority_bias-social_proof_bias,0.8828391432762146
36,authority_bias-reciprocity_bias,0.8465238809585571
36,scarcity_bias-social_proof_bias,0.9008051156997681
36,scarcity_bias-reciprocity_bias,0.879997193813324
36,social_proof_bias-reciprocity_bias,0.928254246711731
37,neutral-authority_bias,0.8996658325195312
37,neutral-scarcity_bias,0.8801848292350769
37,neutral-social_proof_bias,0.9287934899330139
37,neutral-reciprocity_bias,0.8377476930618286
37,authority_bias-scarcity_bias,0.903477132320404
37,authority_bias-social_proof_bias,0.8931245803833008
37,authority_bias-reciprocity_bias,0.8975459933280945
37,scarcity_bias-social_proof_bias,0.8772493600845337
37,scarcity_bias-reciprocity_bias,0.9098629355430603
37,social_proof_bias-reciprocity_bias,0.8536911606788635
38,neutral-authority_bias,0.8939093947410583
38,neutral-scarcity_bias,0.8505067825317383
38,neutral-social_proof_bias,0.7992876172065735
38,neutral-reciprocity_bias,0.7972872257232666
38,authority_bias-scarcity_bias,0.8326505422592163
38,authority_bias-social_proof_bias,0.8502223491668701
38,authority_bias-reciprocity_bias,0.797152042388916
38,scarcity_bias-social_proof_bias,0.8209934830665588
38,scarcity_bias-reciprocity_bias,0.8355573415756226
38,social_proof_bias-reciprocity_bias,0.8628493547439575
39,neutral-authority_bias,0.9197831153869629
39,neutral-scarcity_bias,0.876706063747406
39,neutral-social_proof_bias,0.9006282687187195
39,neutral-reciprocity_bias,0.8631663918495178
39,authority_bias-scarcity_bias,0.8916653394699097
39,authority_bias-social_proof_bias,0.9458475112915039
39,authority_bias-reciprocity_bias,0.8825488686561584
39,scarcity_bias-social_proof_bias,0.886581301689148
39,scarcity_bias-reciprocity_bias,0.8998457789421082
39,social_proof_bias-reciprocity_bias,0.8845228552818298
40,neutral-authority_bias,0.9338937401771545
40,neutral-scarcity_bias,0.9270963072776794
40,neutral-social_proof_bias,0.9514206647872925
40,neutral-reciprocity_bias,0.9253858923912048
40,authority_bias-scarcity_bias,0.8886317610740662
40,authority_bias-social_proof_bias,0.9186400771141052
40,authority_bias-reciprocity_bias,0.9025253653526306
40,scarcity_bias-social_proof_bias,0.9351864457130432
40,scarcity_bias-reciprocity_bias,0.8975945711135864
40,social_proof_bias-reciprocity_bias,0.9345751404762268
41,neutral-authority_bias,0.8882647752761841
41,neutral-scarcity_bias,0.8466087579727173
41,neutral-social_proof_bias,0.8598178625106812
41,neutral-reciprocity_bias,0.8499289155006409
41,authority_bias-scarcity_bias,0.8620961904525757
41,authority_bias-social_proof_bias,0.8840147852897644
41,authority_bias-reciprocity_bias,0.885814905166626
41,scarcity_bias-social_proof_bias,0.8539090156555176
41,scarcity_bias-reciprocity_bias,0.8867101073265076
41,social_proof_bias-reciprocity_bias,0.9045143127441406
42,neutral-authority_bias,0.905166506767273
42,neutral-scarcity_bias,0.9058621525764465
42,neutral-social_proof_bias,0.9102452993392944
42,neutral-reciprocity_bias,0.854190468788147
42,authority_bias-scarcity_bias,0.9106626510620117
42,authority_bias-social_proof_bias,0.9414752125740051
42,authority_bias-reciprocity_bias,0.8749343752861023
42,scarcity_bias-social_proof_bias,0.9291567206382751
42,scarcity_bias-reciprocity_bias,0.8922711610794067
42,social_proof_bias-reciprocity_bias,0.9008955955505371
43,neutral-authority_bias,0.8745091557502747
43,neutral-scarcity_bias,0.8782234787940979
43,neutral-social_proof_bias,0.8607512712478638
43,neutral-reciprocity_bias,0.860651433467865
43,authority_bias-scarcity_bias,0.8955772519111633
43,authority_bias-social_proof_bias,0.8903637528419495
43,authority_bias-reciprocity_bias,0.8892652988433838
43,scarcity_bias-social_proof_bias,0.8829541206359863
43,scarcity_bias-reciprocity_bias,0.8909015655517578
43,social_proof_bias-reciprocity_bias,0.9052807688713074
44,neutral-authority_bias,0.9502447843551636
44,neutral-scarcity_bias,0.9492153525352478
44,neutral-social_proof_bias,0.8758018612861633
44,neutral-reciprocity_bias,0.872739851474762
44,authority_bias-scarcity_bias,0.9461648464202881
44,authority_bias-social_proof_bias,0.8822067975997925
44,authority_bias-reciprocity_bias,0.8720657229423523
44,scarcity_bias-social_proof_bias,0.8875417709350586
44,scarcity_bias-reciprocity_bias,0.8938685059547424
44,social_proof_bias-reciprocity_bias,0.9348411560058594
45,neutral-authority_bias,0.8987158536911011
45,neutral-scarcity_bias,0.8505522012710571
45,neutral-social_proof_bias,0.836187481880188
45,neutral-reciprocity_bias,0.8109548091888428
45,authority_bias-scarcity_bias,0.8591312766075134
45,authority_bias-social_proof_bias,0.875007152557373
45,authority_bias-reciprocity_bias,0.8352929353713989
45,scarcity_bias-social_proof_bias,0.8618879914283752
45,scarcity_bias-reciprocity_bias,0.8648215532302856
45,social_proof_bias-reciprocity_bias,0.8417344689369202
46,neutral-authority_bias,0.881734311580658
46,neutral-scarcity_bias,0.8379315733909607
46,neutral-social_proof_bias,0.7976803779602051
46,neutral-reciprocity_bias,0.8250826597213745
46,authority_bias-scarcity_bias,0.859709620475769
46,authority_bias-social_proof_bias,0.8179362416267395
46,authority_bias-reciprocity_bias,0.8604326248168945
46,scarcity_bias-social_proof_bias,0.8136541247367859
46,scarcity_bias-reciprocity_bias,0.8674416542053223
46,social_proof_bias-reciprocity_bias,0.9188214540481567
47,neutral-authority_bias,0.9052207469940186
47,neutral-scarcity_bias,0.8897730708122253
47,neutral-social_proof_bias,0.85850989818573
47,neutral-reciprocity_bias,0.8703165054321289
47,authority_bias-scarcity_bias,0.8851813077926636
47,authority_bias-social_proof_bias,0.8633124232292175
47,authority_bias-reciprocity_bias,0.8490016460418701
47,scarcity_bias-social_proof_bias,0.8754004240036011
47,scarcity_bias-reciprocity_bias,0.8801156878471375
47,social_proof_bias-reciprocity_bias,0.9015232920646667
48,neutral-authority_bias,0.9332224130630493
48,neutral-scarcity_bias,0.9074434638023376
48,neutral-social_proof_bias,0.9113383889198303
48,neutral-reciprocity_bias,0.8972499370574951
48,authority_bias-scarcity_bias,0.9077448844909668
48,authority_bias-social_proof_bias,0.9109364748001099
48,authority_bias-reciprocity_bias,0.8805217146873474
48,scarcity_bias-social_proof_bias,0.9099301099777222
48,scarcity_bias-reciprocity_bias,0.9009641408920288
48,social_proof_bias-reciprocity_bias,0.920434296131134
49,neutral-authority_bias,0.9481731057167053
49,neutral-scarcity_bias,0.9465039372444153
49,neutral-social_proof_bias,0.9229686260223389
49,neutral-reciprocity_bias,0.9288248419761658
49,authority_bias-scarcity_bias,0.9354397058486938
49,authority_bias-social_proof_bias,0.9464166164398193
49,authority_bias-reciprocity_bias,0.8984806537628174
49,scarcity_bias-social_proof_bias,0.9275951981544495
49,scarcity_bias-reciprocity_bias,0.911263108253479
49,social_proof_bias-reciprocity_bias,0.9096702337265015
50,neutral-authority_bias,0.9621254801750183
50,neutral-scarcity_bias,0.9296156764030457
50,neutral-social_proof_bias,0.9237924218177795
50,neutral-reciprocity_bias,0.9335437417030334
50,authority_bias-scarcity_bias,0.9309650659561157
50,authority_bias-social_proof_bias,0.9169609546661377
50,authority_bias-reciprocity_bias,0.9324290156364441
50,scarcity_bias-social_proof_bias,0.9146134853363037
50,scarcity_bias-reciprocity_bias,0.933664858341217
50,social_proof_bias-reciprocity_bias,0.9336457848548889
51,neutral-authority_bias,0.9346001744270325
51,neutral-scarcity_bias,0.9159529209136963
51,neutral-social_proof_bias,0.8962051272392273
51,neutral-reciprocity_bias,0.8622832894325256
51,authority_bias-scarcity_bias,0.9307013154029846
51,authority_bias-social_proof_bias,0.9260544776916504
51,authority_bias-reciprocity_bias,0.9024791717529297
51,scarcity_bias-social_proof_bias,0.9403114318847656
51,scarcity_bias-reciprocity_bias,0.8853382468223572
51,social_proof_bias-reciprocity_bias,0.893844485282898
52,neutral-authority_bias,0.9342002868652344
52,neutral-scarcity_bias,0.9239205718040466
52,neutral-social_proof_bias,0.9374499917030334
52,neutral-reciprocity_bias,0.8823811411857605
52,authority_bias-scarcity_bias,0.9015151262283325
52,authority_bias-social_proof_bias,0.916921079158783
52,authority_bias-reciprocity_bias,0.856509268283844
52,scarcity_bias-social_proof_bias,0.938671886920929
52,scarcity_bias-reciprocity_bias,0.9138941764831543
52,social_proof_bias-reciprocity_bias,0.9072862267494202
53,neutral-authority_bias,0.9170407056808472
53,neutral-scarcity_bias,0.8924394249916077
53,neutral-social_proof_bias,0.8571740984916687
53,neutral-reciprocity_bias,0.8773406147956848
53,authority_bias-scarcity_bias,0.8979038596153259
53,authority_bias-social_proof_bias,0.9095418453216553
53,authority_bias-reciprocity_bias,0.8788778781890869
53,scarcity_bias-social_proof_bias,0.9080303311347961
53,scarcity_bias-reciprocity_bias,0.8934917449951172
53,social_proof_bias-reciprocity_bias,0.8594836592674255
54,neutral-authority_bias,0.9556176662445068
54,neutral-scarcity_bias,0.8963408470153809
54,neutral-social_proof_bias,0.8426464200019836
54,neutral-reciprocity_bias,0.7925126552581787
54,authority_bias-scarcity_bias,0.8961326479911804
54,authority_bias-social_proof_bias,0.8407936096191406
54,authority_bias-reciprocity_bias,0.8221339583396912
54,scarcity_bias-social_proof_bias,0.9222216606140137
54,scarcity_bias-reciprocity_bias,0.8811511397361755
54,social_proof_bias-reciprocity_bias,0.864168107509613
55,neutral-authority_bias,0.9144642353057861
55,neutral-scarcity_bias,0.8453857898712158
55,neutral-social_proof_bias,0.9120919108390808
55,neutral-reciprocity_bias,0.8684300184249878
55,authority_bias-scarcity_bias,0.8767361044883728
55,authority_bias-social_proof_bias,0.9199705719947815
55,authority_bias-reciprocity_bias,0.8976148962974548
55,scarcity_bias-social_proof_bias,0.9071146845817566
55,scarcity_bias-reciprocity_bias,0.8928990960121155
55,social_proof_bias-reciprocity_bias,0.9352756142616272
56,neutral-authority_bias,0.8984301686286926
56,neutral-scarcity_bias,0.8704307675361633
56,neutral-social_proof_bias,0.852872908115387
56,neutral-reciprocity_bias,0.8466946482658386
56,authority_bias-scarcity_bias,0.8892618417739868
56,authority_bias-social_proof_bias,0.909472644329071
56,authority_bias-reciprocity_bias,0.90306556224823
56,scarcity_bias-social_proof_bias,0.8905407786369324
56,scarcity_bias-reciprocity_bias,0.8932811617851257
56,social_proof_bias-reciprocity_bias,0.9035003781318665
57,neutral-authority_bias,0.9376914501190186
57,neutral-scarcity_bias,0.9094713926315308
57,neutral-social_proof_bias,0.881908655166626
57,neutral-reciprocity_bias,0.8674058318138123
57,authority_bias-scarcity_bias,0.909922182559967
57,authority_bias-social_proof_bias,0.9037449955940247
57,authority_bias-reciprocity_bias,0.872668981552124
57,scarcity_bias-social_proof_bias,0.9369478821754456
57,scarcity_bias-reciprocity_bias,0.9096097350120544
57,social_proof_bias-reciprocity_bias,0.9147733449935913
58,neutral-authority_bias,0.9430458545684814
58,neutral-scarcity_bias,0.9084588885307312
58,neutral-social_proof_bias,0.9364619255065918
58,neutral-reciprocity_bias,0.8821672201156616
58,authority_bias-scarcity_bias,0.9149583578109741
58,authority_bias-social_proof_bias,0.9131693243980408
58,authority_bias-reciprocity_bias,0.8861496448516846
58,scarcity_bias-social_proof_bias,0.9126728177070618
58,scarcity_bias-reciprocity_bias,0.9152280688285828
58,social_proof_bias-reciprocity_bias,0.9013102054595947
59,neutral-authority_bias,0.9178569912910461
59,neutral-scarcity_bias,0.9073675274848938
59,neutral-social_proof_bias,0.8578534126281738
59,neutral-reciprocity_bias,0.8293628692626953
59,authority_bias-scarcity_bias,0.8762485980987549
59,authority_bias-social_proof_bias,0.8042135834693909
59,authority_bias-reciprocity_bias,0.8014780282974243
59,scarcity_bias-social_proof_bias,0.8891914486885071
59,scarcity_bias-reciprocity_bias,0.8541900515556335
59,social_proof_bias-reciprocity_bias,0.9168192744255066
60,neutral-authority_bias,0.8701266646385193
60,neutral-scarcity_bias,0.8949353098869324
60,neutral-social_proof_bias,0.9248808026313782
60,neutral-reciprocity_bias,0.8310990333557129
60,authority_bias-scarcity_bias,0.8175920248031616
60,authority_bias-social_proof_bias,0.8674412965774536
60,authority_bias-reciprocity_bias,0.7607260942459106
60,scarcity_bias-social_proof_bias,0.9025824666023254
60,scarcity_bias-reciprocity_bias,0.9092520475387573
60,social_proof_bias-reciprocity_bias,0.8683074712753296
61,neutral-authority_bias,0.8791024088859558
61,neutral-scarcity_bias,0.9001169204711914
61,neutral-social_proof_bias,0.9011186361312866
61,neutral-reciprocity_bias,0.9193743467330933
61,authority_bias-scarcity_bias,0.8814009428024292
61,authority_bias-social_proof_bias,0.9104175567626953
61,authority_bias-reciprocity_bias,0.9326836466789246
61,scarcity_bias-social_proof_bias,0.8931856751441956
61,scarcity_bias-reciprocity_bias,0.9095216393470764
61,social_proof_bias-reciprocity_bias,0.9369691610336304
62,neutral-authority_bias,0.8510733842849731
62,neutral-scarcity_bias,0.8989850282669067
62,neutral-social_proof_bias,0.8586456179618835
62,neutral-reciprocity_bias,0.8399357795715332
62,authority_bias-scarcity_bias,0.8901565074920654
62,authority_bias-social_proof_bias,0.8362385034561157
62,authority_bias-reciprocity_bias,0.8412865400314331
62,scarcity_bias-social_proof_bias,0.8914055228233337
62,scarcity_bias-reciprocity_bias,0.8694680333137512
62,social_proof_bias-reciprocity_bias,0.9421296119689941
63,neutral-authority_bias,0.9542272686958313
63,neutral-scarcity_bias,0.9276072978973389
63,neutral-social_proof_bias,0.9286787509918213
63,neutral-reciprocity_bias,0.8779131770133972
63,authority_bias-scarcity_bias,0.9103413820266724
63,authority_bias-social_proof_bias,0.9211106300354004
63,authority_bias-reciprocity_bias,0.8688252568244934
63,scarcity_bias-social_proof_bias,0.9144818186759949
63,scarcity_bias-reciprocity_bias,0.8795841932296753
63,social_proof_bias-reciprocity_bias,0.9143415689468384
64,neutral-authority_bias,0.8813055753707886
64,neutral-scarcity_bias,0.8615076541900635
64,neutral-social_proof_bias,0.906503438949585
64,neutral-reciprocity_bias,0.9088746905326843
64,authority_bias-scarcity_bias,0.876859724521637
64,authority_bias-social_proof_bias,0.8843771815299988
64,authority_bias-reciprocity_bias,0.8717769384384155
64,scarcity_bias-social_proof_bias,0.8646023273468018
64,scarcity_bias-reciprocity_bias,0.888808012008667
64,social_proof_bias-reciprocity_bias,0.9171767830848694
65,neutral-authority_bias,0.9342004656791687
65,neutral-scarcity_bias,0.8853181004524231
65,neutral-social_proof_bias,0.9068663120269775
65,neutral-reciprocity_bias,0.8632738590240479
65,authority_bias-scarcity_bias,0.8658511638641357
65,authority_bias-social_proof_bias,0.9033263921737671
65,authority_bias-reciprocity_bias,0.8306881189346313
65,scarcity_bias-social_proof_bias,0.9223592877388
65,scarcity_bias-reciprocity_bias,0.9340020418167114
65,social_proof_bias-reciprocity_bias,0.8934040069580078
66,neutral-authority_bias,0.9192583560943604
66,neutral-scarcity_bias,0.8947349786758423
66,neutral-social_proof_bias,0.9256941676139832
66,neutral-reciprocity_bias,0.8898410201072693
66,authority_bias-scarcity_bias,0.8669990301132202
66,authority_bias-social_proof_bias,0.9302143454551697
66,authority_bias-reciprocity_bias,0.8574460744857788
66,scarcity_bias-social_proof_bias,0.8920778036117554
66,scarcity_bias-reciprocity_bias,0.8993610739707947
66,social_proof_bias-reciprocity_bias,0.874910295009613
67,neutral-authority_bias,0.8674769401550293
67,neutral-scarcity_bias,0.8849636316299438
67,neutral-social_proof_bias,0.9127742052078247
67,neutral-reciprocity_bias,0.8327851295471191
67,authority_bias-scarcity_bias,0.8065111041069031
67,authority_bias-social_proof_bias,0.8666683435440063
67,authority_bias-reciprocity_bias,0.842009961605072
67,scarcity_bias-social_proof_bias,0.8757646083831787
67,scarcity_bias-reciprocity_bias,0.8338803052902222
67,social_proof_bias-reciprocity_bias,0.8762703537940979
68,neutral-authority_bias,0.9488658308982849
68,neutral-scarcity_bias,0.9191887974739075
68,neutral-social_proof_bias,0.8691655993461609
68,neutral-reciprocity_bias,0.8662247061729431
68,authority_bias-scarcity_bias,0.9003420472145081
68,authority_bias-social_proof_bias,0.8601036071777344
68,authority_bias-reciprocity_bias,0.8659073710441589
68,scarcity_bias-social_proof_bias,0.9473345875740051
68,scarcity_bias-reciprocity_bias,0.9087485671043396
68,social_proof_bias-reciprocity_bias,0.9036770462989807
69,neutral-authority_bias,0.9499075412750244
69,neutral-scarcity_bias,0.9118281602859497
69,neutral-social_proof_bias,0.9032585024833679
69,neutral-reciprocity_bias,0.8846510052680969
69,authority_bias-scarcity_bias,0.8871424794197083
69,authority_bias-social_proof_bias,0.873353898525238
69,authority_bias-reciprocity_bias,0.8709115386009216
69,scarcity_bias-social_proof_bias,0.9284243583679199
69,scarcity_bias-reciprocity_bias,0.9170935153961182
69,social_proof_bias-reciprocity_bias,0.9164062142372131
70,neutral-authority_bias,0.9690850377082825
70,neutral-scarcity_bias,0.9672560095787048
70,neutral-social_proof_bias,0.8751108646392822
70,neutral-reciprocity_bias,0.8579980731010437
70,authority_bias-scarcity_bias,0.9436882138252258
70,authority_bias-social_proof_bias,0.8575312495231628
70,authority_bias-reciprocity_bias,0.8417597413063049
70,scarcity_bias-social_proof_bias,0.8726164698600769
70,scarcity_bias-reciprocity_bias,0.8580989241600037
70,social_proof_bias-reciprocity_bias,0.926497757434845
71,neutral-authority_bias,0.92106693983078
71,neutral-scarcity_bias,0.8593074083328247
71,neutral-social_proof_bias,0.8551449179649353
71,neutral-reciprocity_bias,0.7755909562110901
71,authority_bias-scarcity_bias,0.8827242851257324
71,authority_bias-social_proof_bias,0.8827546238899231
71,authority_bias-reciprocity_bias,0.8227035999298096
71,scarcity_bias-social_proof_bias,0.9148339629173279
71,scarcity_bias-reciprocity_bias,0.8724660277366638
71,social_proof_bias-reciprocity_bias,0.8854973912239075
72,neutral-authority_bias,0.9092873930931091
72,neutral-scarcity_bias,0.8657549619674683
72,neutral-social_proof_bias,0.82762610912323
72,neutral-reciprocity_bias,0.7793750166893005
72,authority_bias-scarcity_bias,0.8640024065971375
72,authority_bias-social_proof_bias,0.8108900785446167
72,authority_bias-reciprocity_bias,0.7400686740875244
72,scarcity_bias-social_proof_bias,0.9155282378196716
72,scarcity_bias-reciprocity_bias,0.8705017566680908
72,social_proof_bias-reciprocity_bias,0.879143238067627
73,neutral-authority_bias,0.9369764924049377
73,neutral-scarcity_bias,0.9039411544799805
73,neutral-social_proof_bias,0.8897280097007751
73,neutral-reciprocity_bias,0.858688235282898
73,authority_bias-scarcity_bias,0.9042775630950928
73,authority_bias-social_proof_bias,0.9184251427650452
73,authority_bias-reciprocity_bias,0.9153013229370117
73,scarcity_bias-social_proof_bias,0.8484055995941162
73,scarcity_bias-reciprocity_bias,0.8588463664054871
73,social_proof_bias-reciprocity_bias,0.9188884496688843
74,neutral-authority_bias,0.8584979772567749
74,neutral-scarcity_bias,0.8839132189750671
74,neutral-social_proof_bias,0.8507276177406311
74,neutral-reciprocity_bias,0.8776519298553467
74,authority_bias-scarcity_bias,0.8568313717842102
74,authority_bias-social_proof_bias,0.8442953824996948
74,authority_bias-reciprocity_bias,0.8759182691574097
74,scarcity_bias-social_proof_bias,0.8310338854789734
74,scarcity_bias-reciprocity_bias,0.8382108211517334
74,social_proof_bias-reciprocity_bias,0.8500543832778931
75,neutral-authority_bias,0.8894078135490417
75,neutral-scarcity_bias,0.870731770992279
75,neutral-social_proof_bias,0.9233638644218445
75,neutral-reciprocity_bias,0.859563946723938
75,authority_bias-scarcity_bias,0.8515655398368835
75,authority_bias-social_proof_bias,0.8823037147521973
75,authority_bias-reciprocity_bias,0.8055135607719421
75,scarcity_bias-social_proof_bias,0.8419252038002014
75,scarcity_bias-reciprocity_bias,0.8092955350875854
75,social_proof_bias-reciprocity_bias,0.9158574938774109
76,neutral-authority_bias,0.9084517955780029
76,neutral-scarcity_bias,0.8552022576332092
76,neutral-social_proof_bias,0.9208513498306274
76,neutral-reciprocity_bias,0.8410360217094421
76,authority_bias-scarcity_bias,0.8529642224311829
76,authority_bias-social_proof_bias,0.919687032699585
76,authority_bias-reciprocity_bias,0.8385891914367676
76,scarcity_bias-social_proof_bias,0.8588467836380005
76,scarcity_bias-reciprocity_bias,0.8284707069396973
76,social_proof_bias-reciprocity_bias,0.8547311425209045
77,neutral-authority_bias,0.8239376544952393
77,neutral-scarcity_bias,0.841250479221344
77,neutral-social_proof_bias,0.8664068579673767
77,neutral-reciprocity_bias,0.8366285562515259
77,authority_bias-scarcity_bias,0.7996787428855896
77,authority_bias-social_proof_bias,0.867798388004303
77,authority_bias-reciprocity_bias,0.8257469534873962
77,scarcity_bias-social_proof_bias,0.8384572863578796
77,scarcity_bias-reciprocity_bias,0.898722231388092
77,social_proof_bias-reciprocity_bias,0.8387356996536255
78,neutral-authority_bias,0.8886610269546509
78,neutral-scarcity_bias,0.8657159805297852
78,neutral-social_proof_bias,0.8816960453987122
78,neutral-reciprocity_bias,0.900270938873291
78,authority_bias-scarcity_bias,0.9219696521759033
78,authority_bias-social_proof_bias,0.9178949594497681
78,authority_bias-reciprocity_bias,0.9202418923377991
78,scarcity_bias-social_proof_bias,0.9103460907936096
78,scarcity_bias-reciprocity_bias,0.9161063432693481
78,social_proof_bias-reciprocity_bias,0.9449610114097595
79,neutral-authority_bias,0.9035901427268982
79,neutral-scarcity_bias,0.9066123366355896
79,neutral-social_proof_bias,0.9393249154090881
79,neutral-reciprocity_bias,0.9022468328475952
79,authority_bias-scarcity_bias,0.8635733723640442
79,authority_bias-social_proof_bias,0.9233876466751099
79,authority_bias-reciprocity_bias,0.8845281600952148
79,scarcity_bias-social_proof_bias,0.8832489848136902
79,scarcity_bias-reciprocity_bias,0.8850908875465393
79,social_proof_bias-reciprocity_bias,0.8963600993156433
80,neutral-authority_bias,0.8890796303749084
80,neutral-scarcity_bias,0.8515906929969788
80,neutral-social_proof_bias,0.8485841155052185
80,neutral-reciprocity_bias,0.8539626598358154
80,authority_bias-scarcity_bias,0.8578900694847107
80,authority_bias-social_proof_bias,0.8269332051277161
80,authority_bias-reciprocity_bias,0.8492009043693542
80,scarcity_bias-social_proof_bias,0.9112551212310791
80,scarcity_bias-reciprocity_bias,0.9182787537574768
80,social_proof_bias-reciprocity_bias,0.9047828316688538
81,neutral-authority_bias,0.8954387307167053
81,neutral-scarcity_bias,0.877190113067627
81,neutral-social_proof_bias,0.9325895309448242
81,neutral-reciprocity_bias,0.8353331685066223
81,authority_bias-scarcity_bias,0.8594922423362732
81,authority_bias-social_proof_bias,0.939281165599823
81,authority_bias-reciprocity_bias,0.836219072341919
81,scarcity_bias-social_proof_bias,0.8777243494987488
81,scarcity_bias-reciprocity_bias,0.8739450573921204
81,social_proof_bias-reciprocity_bias,0.847844660282135
82,neutral-authority_bias,0.9125618934631348
82,neutral-scarcity_bias,0.8677045702934265
82,neutral-social_proof_bias,0.8318167924880981
82,neutral-reciprocity_bias,0.846704363822937
82,authority_bias-scarcity_bias,0.8985992074012756
82,authority_bias-social_proof_bias,0.8848875164985657
82,authority_bias-reciprocity_bias,0.8592263460159302
82,scarcity_bias-social_proof_bias,0.8648355007171631
82,scarcity_bias-reciprocity_bias,0.9004169702529907
82,social_proof_bias-reciprocity_bias,0.849856972694397
83,neutral-authority_bias,0.9209616184234619
83,neutral-scarcity_bias,0.9300693273544312
83,neutral-social_proof_bias,0.8973630666732788
83,neutral-reciprocity_bias,0.8798635601997375
83,authority_bias-scarcity_bias,0.8839207887649536
83,authority_bias-social_proof_bias,0.8360891342163086
83,authority_bias-reciprocity_bias,0.8019080758094788
83,scarcity_bias-social_proof_bias,0.8807474374771118
83,scarcity_bias-reciprocity_bias,0.8899791240692139
83,social_proof_bias-reciprocity_bias,0.9237859845161438
84,neutral-authority_bias,0.9372156262397766
84,neutral-scarcity_bias,0.9094082713127136
84,neutral-social_proof_bias,0.9034961462020874
84,neutral-reciprocity_bias,0.9085363745689392
84,authority_bias-scarcity_bias,0.876279890537262
84,authority_bias-social_proof_bias,0.9000163078308105
84,authority_bias-reciprocity_bias,0.9004248976707458
84,scarcity_bias-social_proof_bias,0.8891125917434692
84,scarcity_bias-reciprocity_bias,0.9179046750068665
84,social_proof_bias-reciprocity_bias,0.9162420630455017
85,neutral-authority_bias,0.9157838821411133
85,neutral-scarcity_bias,0.9148534536361694
85,neutral-social_proof_bias,0.9121665358543396
85,neutral-reciprocity_bias,0.8938266634941101
85,authority_bias-scarcity_bias,0.9152348637580872
85,authority_bias-social_proof_bias,0.9377791285514832
85,authority_bias-reciprocity_bias,0.923350989818573
85,scarcity_bias-social_proof_bias,0.9248083829879761
85,scarcity_bias-reciprocity_bias,0.9431610703468323
85,social_proof_bias-reciprocity_bias,0.9405145645141602
86,neutral-authority_bias,0.9473127126693726
86,neutral-scarcity_bias,0.8881710767745972
86,neutral-social_proof_bias,0.9128894209861755
86,neutral-reciprocity_bias,0.8611950278282166
86,authority_bias-scarcity_bias,0.9009137153625488
86,authority_bias-social_proof_bias,0.9138143658638
86,authority_bias-reciprocity_bias,0.8814865350723267
86,scarcity_bias-social_proof_bias,0.8956230878829956
86,scarcity_bias-reciprocity_bias,0.8925187587738037
86,social_proof_bias-reciprocity_bias,0.9265932440757751
87,neutral-authority_bias,0.9094941020011902
87,neutral-scarcity_bias,0.8919324278831482
87,neutral-social_proof_bias,0.9022022485733032
87,neutral-reciprocity_bias,0.8708349466323853
87,authority_bias-scarcity_bias,0.8402779698371887
87,authority_bias-social_proof_bias,0.8592785596847534
87,authority_bias-reciprocity_bias,0.82087242603302
87,scarcity_bias-social_proof_bias,0.9415270686149597
87,scarcity_bias-reciprocity_bias,0.9435477256774902
87,social_proof_bias-reciprocity_bias,0.9116511940956116
88,neutral-authority_bias,0.8614130616188049
88,neutral-scarcity_bias,0.8473747372627258
88,neutral-social_proof_bias,0.8673253059387207
88,neutral-reciprocity_bias,0.8284966945648193
88,authority_bias-scarcity_bias,0.7913855314254761
88,authority_bias-social_proof_bias,0.8144561648368835
88,authority_bias-reciprocity_bias,0.7748844623565674
88,scarcity_bias-social_proof_bias,0.8871393203735352
88,scarcity_bias-reciprocity_bias,0.8298929333686829
88,social_proof_bias-reciprocity_bias,0.8105367422103882
89,neutral-authority_bias,0.8163660168647766
89,neutral-scarcity_bias,0.8549388647079468
89,neutral-social_proof_bias,0.8048267960548401
89,neutral-reciprocity_bias,0.7639093995094299
89,authority_bias-scarcity_bias,0.8858475089073181
89,authority_bias-social_proof_bias,0.9201687574386597
89,authority_bias-reciprocity_bias,0.862157940864563
89,scarcity_bias-social_proof_bias,0.8810518383979797
89,scarcity_bias-reciprocity_bias,0.8036496639251709
89,social_proof_bias-reciprocity_bias,0.8732900023460388
90,neutral-authority_bias,0.9446515440940857
90,neutral-scarcity_bias,0.9214707612991333
90,neutral-social_proof_bias,0.9056289196014404
90,neutral-reciprocity_bias,0.8773042559623718
90,authority_bias-scarcity_bias,0.8887348175048828
90,authority_bias-social_proof_bias,0.9166173934936523
90,authority_bias-reciprocity_bias,0.8640656471252441
90,scarcity_bias-social_proof_bias,0.8927057981491089
90,scarcity_bias-reciprocity_bias,0.8849756121635437
90,social_proof_bias-reciprocity_bias,0.8890776634216309
91,neutral-authority_bias,0.9173809885978699
91,neutral-scarcity_bias,0.9250590205192566
91,neutral-social_proof_bias,0.9242156147956848
91,neutral-reciprocity_bias,0.9034965634346008
91,authority_bias-scarcity_bias,0.9063029289245605
91,authority_bias-social_proof_bias,0.8964168429374695
91,authority_bias-reciprocity_bias,0.9219334721565247
91,scarcity_bias-social_proof_bias,0.9301061630249023
91,scarcity_bias-reciprocity_bias,0.9116482734680176
91,social_proof_bias-reciprocity_bias,0.8911598324775696
92,neutral-authority_bias,0.9390525221824646
92,neutral-scarcity_bias,0.9392298460006714
92,neutral-social_proof_bias,0.951923131942749
92,neutral-reciprocity_bias,0.9519146680831909
92,authority_bias-scarcity_bias,0.9045039415359497
92,authority_bias-social_proof_bias,0.9127338528633118
92,authority_bias-reciprocity_bias,0.899449348449707
92,scarcity_bias-social_proof_bias,0.9076738357543945
92,scarcity_bias-reciprocity_bias,0.9376204609870911
92,social_proof_bias-reciprocity_bias,0.933157205581665
93,neutral-authority_bias,0.9027220606803894
93,neutral-scarcity_bias,0.8888723850250244
93,neutral-social_proof_bias,0.8609455227851868
93,neutral-reciprocity_bias,0.9011403322219849
93,authority_bias-scarcity_bias,0.9277058839797974
93,authority_bias-social_proof_bias,0.8956512808799744
93,authority_bias-reciprocity_bias,0.9099813103675842
93,scarcity_bias-social_proof_bias,0.8537774085998535
93,scarcity_bias-reciprocity_bias,0.8966624736785889
93,social_proof_bias-reciprocity_bias,0.8793100118637085
94,neutral-authority_bias,0.9023927450180054
94,neutral-scarcity_bias,0.9044058918952942
94,neutral-social_proof_bias,0.9008331894874573
94,neutral-reciprocity_bias,0.8653566837310791
94,authority_bias-scarcity_bias,0.9102389216423035
94,authority_bias-social_proof_bias,0.9262943863868713
94,authority_bias-reciprocity_bias,0.9140133857727051
94,scarcity_bias-social_proof_bias,0.9174996614456177
94,scarcity_bias-reciprocity_bias,0.914681077003479
94,social_proof_bias-reciprocity_bias,0.8907058238983154
95,neutral-authority_bias,0.9363456964492798
95,neutral-scarcity_bias,0.9482448697090149
95,neutral-social_proof_bias,0.9055951237678528
95,neutral-reciprocity_bias,0.8920232653617859
95,authority_bias-scarcity_bias,0.9550971984863281
95,authority_bias-social_proof_bias,0.9507664442062378
95,authority_bias-reciprocity_bias,0.8851547241210938
95,scarcity_bias-social_proof_bias,0.9195386171340942
95,scarcity_bias-reciprocity_bias,0.8848764896392822
95,social_proof_bias-reciprocity_bias,0.8779992461204529
96,neutral-authority_bias,0.9134646654129028
96,neutral-scarcity_bias,0.9105226993560791
96,neutral-social_proof_bias,0.8786086440086365
96,neutral-reciprocity_bias,0.8823571801185608
96,authority_bias-scarcity_bias,0.9081137776374817
96,authority_bias-social_proof_bias,0.9307445883750916
96,authority_bias-reciprocity_bias,0.8658317923545837
96,scarcity_bias-social_proof_bias,0.8833047747612
96,scarcity_bias-reciprocity_bias,0.8788681626319885
96,social_proof_bias-reciprocity_bias,0.8551193475723267
97,neutral-authority_bias,0.9127421975135803
97,neutral-scarcity_bias,0.8012741804122925
97,neutral-social_proof_bias,0.8108181357383728
97,neutral-reciprocity_bias,0.7701985836029053
97,authority_bias-scarcity_bias,0.8340854048728943
97,authority_bias-social_proof_bias,0.8323641419410706
97,authority_bias-reciprocity_bias,0.8440165519714355
97,scarcity_bias-social_proof_bias,0.8698859214782715
97,scarcity_bias-reciprocity_bias,0.7740145921707153
97,social_proof_bias-reciprocity_bias,0.8499455451965332
98,neutral-authority_bias,0.907889723777771
98,neutral-scarcity_bias,0.8779188394546509
98,neutral-social_proof_bias,0.9113662838935852
98,neutral-reciprocity_bias,0.8804515600204468
98,authority_bias-scarcity_bias,0.8639479279518127
98,authority_bias-social_proof_bias,0.914278507232666
98,authority_bias-reciprocity_bias,0.882017970085144
98,scarcity_bias-social_proof_bias,0.9235146641731262
98,scarcity_bias-reciprocity_bias,0.8885055184364319
98,social_proof_bias-reciprocity_bias,0.9208206534385681
